,month_name,year,query_count,query_text
0,January,2014,223,ebid
1,January,2014,112,property maps
2,January,2014,97,maps
3,January,2014,90,property tax
4,January,2014,76,jobs
5,January,2014,75,employment
6,January,2014,73,human resources
7,January,2014,62,police
8,January,2014,61,criminal court clerk
9,January,2014,53,media releases
10,January,2014,50,property taxes
11,January,2014,49,gis
12,January,2014,46,animal control
13,January,2014,46,traffic signal optimization study
14,January,2014,46,arrest records
15,January,2014,45,property assessor
16,January,2014,44,ess
17,January,2014,41,water
18,January,2014,41,zoning
19,January,2014,37,codes
20,January,2014,35,criminal court
21,January,2014,35,inside metro
22,January,2014,33,parking
23,January,2014,30,employee self service
24,January,2014,29,library
25,January,2014,29,bidding
26,January,2014,28,accident report
27,January,2014,28,planning
28,January,2014,28,pump station
29,January,2014,27,payroll
30,January,2014,27,google
31,January,2014,27,property
32,January,2014,26,register of deeds
33,January,2014,26,news media
34,January,2014,26,traffic management study
35,January,2014,26,business license
36,January,2014,25,warrants
37,January,2014,25,permits
38,January,2014,25,civil service rules
39,January,2014,24,inmate search
40,January,2014,24,civil service
41,January,2014,24,media release
42,January,2014,23,careers
43,January,2014,23,arrests
44,January,2014,23,police department
45,January,2014,22,associated bond
46,January,2014,22,procurement
47,January,2014,22,employment opportunities
48,January,2014,22,public works
49,January,2014,22,mugshots
50,January,2014,21,auction
51,January,2014,21,im
52,January,2014,20,traffic school
53,January,2014,20,sulphur dell
54,January,2014,20,web pro
55,January,2014,20,forms
56,January,2014,19,property records
57,January,2014,19,health department
58,January,2014,19,Obstructions in the street
59,January,2014,18,Ebid
60,January,2014,18,public records
61,January,2014,18,kiva
62,January,2014,18,building permits
63,January,2014,18,tax assessor
64,January,2014,18,Media releases
65,January,2014,18,leash law
66,January,2014,18,housing
67,January,2014,18,rfp
68,January,2014,17,Jobs
69,January,2014,17,booking
70,January,2014,17,stormwater
71,January,2014,17,courts
72,January,2014,17,iprocurement
73,January,2014,17,assessor
74,January,2014,17,Police
75,January,2014,17,birth certificate
76,January,2014,17,police reports
77,January,2014,16,metro action commission
78,January,2014,16,recycling
79,January,2014,16,metro water
80,January,2014,16,metro pay plan
81,January,2014,16,its
82,January,2014,16,community education
83,January,2014,15,holidays
84,January,2014,15,popular restaurants
85,January,2014,15,backflow
86,January,2014,15,marriage license
87,January,2014,15,job openings
88,January,2014,15,police report
89,January,2014,15,fiber optic design
90,January,2014,15,trustee
91,January,2014,15,increment
92,January,2014,14,cemetery
93,January,2014,14,bids
94,January,2014,14,pedestrian bridges
95,January,2014,14,zoning map
96,January,2014,14,email
97,January,2014,14,Property taxes
98,January,2014,14,budget
99,January,2014,14,traffic
100,January,2014,14,criminal report
101,January,2014,13,development tracker
102,January,2014,13,traffic incident
103,January,2014,13,directory
104,January,2014,13,8.12.020
105,January,2014,13,assessor of property
106,January,2014,13,Ice skating
107,January,2014,13,utility work
108,January,2014,13,parks
109,January,2014,13,internet crimes against children
110,January,2014,13,purchasing
111,January,2014,13,metro maps
112,January,2014,13,Animal control
113,January,2014,13,pay plan
114,January,2014,13,ben west library
115,January,2014,13,mugshot
116,January,2014,13,arrest
117,January,2014,13,accident reports
118,January,2014,13,water services
119,January,2014,12,Property tax
120,January,2014,12,Steve Anderson
121,January,2014,12,planning department
122,January,2014,12,pay scale
123,January,2014,12,benefits
124,January,2014,12,impound auction
125,January,2014,12,food stamps
126,January,2014,12,bond reductions
127,January,2014,12,e bid
128,January,2014,12,Maps
129,January,2014,12,downtown code
130,January,2014,12,Metro electrical license
131,January,2014,12,metro contracts
132,January,2014,12,ess.nashville.gov
133,January,2014,12,metro action
134,January,2014,12,standby note purchase agreement
135,January,2014,11,court forms
136,January,2014,11,county clerk
137,January,2014,11,Douglas head start
138,January,2014,11,sheriff department
139,January,2014,11,finance
140,January,2014,11,hr
141,January,2014,11,sulpher dell
142,January,2014,11,arrest records by name
143,January,2014,11,BIO RETENTION PLANTING
144,January,2014,11,victims compensation
145,January,2014,11,criminal search
146,January,2014,11,japan
147,January,2014,11,property assessment
148,January,2014,11,ebid.nashville.gov
149,January,2014,11,fmla
150,January,2014,11,internship
151,January,2014,11,mnps
152,January,2014,10,ice skating
153,January,2014,10,nondiscrimination
154,January,2014,10,beer board
155,January,2014,10,10 most wanted
156,January,2014,10,parthenon
157,January,2014,10,court
158,January,2014,10,online applications
159,January,2014,10,animal shelter
160,January,2014,10,notary
161,January,2014,10,EBID
162,January,2014,10,okinawa japan
163,January,2014,10,car auctions
164,January,2014,10,fire department
165,January,2014,10,license renewal
166,January,2014,10,metro holidays
167,January,2014,10,BIORETENTION
168,January,2014,10,warrant
169,January,2014,10,map
170,January,2014,10,metro water services
171,January,2014,10,police media release
172,January,2014,10,homicide victims
173,January,2014,10,recent bookings
174,January,2014,10,car titles
175,January,2014,10,procurement code
176,January,2014,10,zoning code
177,January,2014,10,STAFF
178,January,2014,10,metro public schools
179,January,2014,10,employee discounts
180,January,2014,10,robert kelly
181,January,2014,10,mapping
182,January,2014,10,records
183,January,2014,10,edmondson
184,January,2014,10,sports authority
185,January,2014,10,robert william kelley
186,January,2014,9,wrecks at a specific location in Nashville
187,January,2014,9,weather
188,January,2014,9,information security
189,January,2014,9,Street solicitation
190,January,2014,9,job
191,January,2014,9,Residency ordinance
192,January,2014,9,Codes
193,January,2014,9,Parthenon
194,January,2014,9,codes administration
195,January,2014,9,mdha
196,January,2014,9,Director of electrical codes
197,January,2014,9,BL2011-75
198,January,2014,9,internships
199,January,2014,9,reconnect fees for water service
200,January,2014,9,oem
201,January,2014,9,bid
202,January,2014,9,car tags
203,January,2014,9,bond amounts
204,January,2014,9,nashville metro police
205,January,2014,9,warrens
206,January,2014,9,emissions testing
207,January,2014,9,property tax records
208,January,2014,9,permit
209,January,2014,9,mccabe
210,January,2014,9,about me
211,January,2014,9,election commission
212,January,2014,9,davidson county clerk
213,January,2014,9,warrant search
214,January,2014,9,FAR
215,January,2014,9,Animal
216,January,2014,9,property map
217,January,2014,9,building permit
218,January,2014,9,permit bond
219,January,2014,9,prostitution
220,January,2014,8,auctions
221,January,2014,8,crime map
222,January,2014,8,snap program online
223,January,2014,8,online property maps
224,January,2014,8,salvage forms
225,January,2014,8,quick claim deed
226,January,2014,8,job descriptions
227,January,2014,8,industry classification
228,January,2014,8,last will and beneficiaries results
229,January,2014,8,increments
230,January,2014,8,GIS
231,January,2014,8,RFP
232,January,2014,8,Property maps
233,January,2014,8,delayed accident report
234,January,2014,8,2012 pay plan
235,January,2014,8,bank of america
236,January,2014,8,Media release
237,January,2014,8,road improvements project
238,January,2014,8,criminal records
239,January,2014,8,flu shots
240,January,2014,8,Christmas tree
241,January,2014,8,lisa carol hall
242,January,2014,8,nataly lopez
243,January,2014,8,Employment
244,January,2014,8,chancery court
245,January,2014,8,jail
246,January,2014,8,road closures
247,January,2014,8,jobs opening
248,January,2014,8,marriage records
249,January,2014,8,codes department
250,January,2014,8,report accident
251,January,2014,8,public case information
252,January,2017,7,juvenile court
253,January,2014,8,Flu shots
254,January,2014,8,metro 3
255,January,2014,8,company code
256,January,2014,8,isupplier
257,January,2014,8,buzzsaw
258,January,2014,8,accident report form
259,January,2014,8,planning commission
260,January,2014,8,what zone am i in
261,January,2014,8,login
262,January,2014,8,schools
263,January,2014,7,Arrests
264,January,2014,7,chicken
265,January,2014,7,inmate
266,January,2014,7,circuit court
267,January,2014,7,roof architect
268,January,2014,7,Get Covered Nashville
269,January,2014,7,feild training officers
270,January,2014,7,Application for Metro electrical license
271,January,2014,7,www.google.com
272,January,2014,7,birth certificates
273,January,2014,7,population
274,January,2014,7,fingerprinting
275,January,2014,7,rosa parks boulevard
276,January,2014,7,metro clerk
277,January,2014,7,noise complaint
278,January,2014,7,Lakeside Cove
279,January,2014,7,criminal
280,January,2014,7,police training academy
281,January,2014,7,recent arrest records
282,January,2014,7,"east Nashville ,tn 37207"
283,January,2014,7,wrecker
284,January,2014,7,alarm permit
285,January,2014,7,20th
286,January,2014,7,dog ordinance
287,January,2014,7,construction notification ordinance
288,January,2014,7,tennis
289,January,2014,7,special event permit
290,January,2014,7,urban zoning overlay
291,January,2014,7,Accident report
292,January,2014,7,recycle
293,January,2014,7,career
294,January,2014,7,community centers
295,January,2014,7,probate
296,January,2014,7,"easements, gateway pedestrian bridge"
297,January,2014,7,tax records
298,January,2014,7,benefit board
299,January,2014,7,nashville most wanted
300,January,2014,7,inside metro website address
301,January,2014,7,shown mcclanahan
302,January,2014,7,christmas tree
303,January,2014,7,utility construction
304,January,2014,7,charter for residency for Metro employees
305,January,2014,7,james duncan
306,January,2014,7,mapping gis
307,January,2014,7,contract bids
308,January,2014,7,city of brentwood
309,January,2014,7,news channel 5
310,January,2014,7,public schools
311,January,2014,7,public arrest records
312,January,2014,7,court clerk
313,January,2014,7,whooping cough
314,January,2014,7,property limes
315,January,2014,7,ebid nashville
316,January,2014,7,Basketball goals
317,January,2014,7,Alan espinoza
318,January,2014,7,civil service commission
319,January,2014,7,child support
320,January,2014,7,sheriff's department
321,January,2014,7,ccc
322,January,2014,7,proprietary insurance companies
323,January,2014,7,deeds
324,January,2014,7,signs
325,January,2014,7,building permit fees
326,January,2014,7,custodian application
327,January,2014,7,drivers license
328,January,2014,7,flood
329,January,2014,7,dental
330,January,2014,7,noise ordinance
331,January,2014,7,employee directory
332,January,2014,7,SMWBE Form
333,January,2014,7,PROPERTY TAX
334,January,2014,6,emergency management
335,January,2014,6,contractors License bond form
336,January,2014,6,trash pickup
337,January,2014,6,surplus auction
338,January,2014,6,pedestrian benefit zone
339,January,2014,6,hiring jobs
340,January,2014,6,tax
341,January,2014,6,agricultural zoning
342,January,2014,6,WEB PRO
343,January,2014,6,metro parks
344,January,2014,6,shelby street pedestrian bridge
345,January,2014,6,chaplain
346,January,2014,6,immigrant community assessment
347,January,2014,6,2014 crime reports
348,January,2014,6,trash
349,January,2014,6,Permit
350,January,2014,6,counterfit money
351,January,2014,6,waiver to work in metropolitan government
352,January,2014,6,drug bust
353,January,2014,6,property owner
354,January,2014,6,traffic and parking commission 2013 speed limit
355,January,2014,6,Food Vendor license
356,January,2014,6,shawn mcclanahan
357,January,2014,6,unemployment
358,January,2014,6,metropolitan action commission
359,January,2014,6,zoning map\
360,January,2014,6,parks and recreation
361,January,2014,6,property search
362,January,2014,6,TREE
363,January,2014,6,intergovernmental agreement city of brentwood
364,January,2014,6,drink up nashville project
365,January,2014,6,Food vendor
366,January,2014,6,metro police department
367,January,2014,6,surveillance camera
368,January,2014,6,Debbie Miller Phillips
369,January,2014,6,charles wesley tomlin
370,January,2014,6,construction and demolition recycling facility
371,January,2014,6,Criminal records
372,January,2014,6,wedgewood-houston
373,January,2014,6,setback
374,January,2014,6,u
375,January,2014,6,fire department annual report
376,January,2014,6,skyline photo contest
377,January,2014,6,VERONICA  FRAZIER
378,January,2014,6,active warrant
379,January,2014,6,sounds
380,January,2014,6,arrest list
381,January,2014,6,ashton park
382,January,2014,6,time sheet
383,January,2014,6,transportation
384,March,2014,16,mdha
385,January,2014,6,Fire Code Violation Fines
386,January,2014,6,thomas russell
387,January,2014,6,utilities
388,January,2014,6,property description
389,January,2014,6,interactive map
390,January,2014,6,childcare
391,January,2014,6,sprinkler adjustment
392,January,2014,6,Criminal court clerk
393,January,2014,6,paystubs
394,January,2014,6,construction notice ordinance
395,January,2014,6,council term limits
396,January,2014,6,metro police
397,January,2014,6,dmv
398,January,2014,6,community center
399,January,2014,6,E permits
400,January,2014,6,sheriff
401,January,2014,6,road delays
402,January,2014,6,field training officers
403,January,2014,6,phone number
404,January,2014,6,subdivision regulations
405,January,2014,6,Web pro
406,January,2014,6,BAO
407,January,2014,6,pet food contract
408,January,2014,6,noise
409,January,2014,6,bills introduction by Ron Nollner
410,January,2014,6,divorce records
411,January,2014,6,Mugshots
412,January,2014,6,land use table
413,January,2014,6,castleman drive
414,January,2014,6,demographics
415,January,2014,6,street closures
416,January,2014,6,e permits
417,January,2014,6,MDHA redevelopment districts
418,January,2014,6,special events
419,January,2014,6,unemployment benefits
420,January,2014,6,Inmate search
421,January,2014,6,ballpark
422,January,2014,6,music city center
423,January,2014,6,james robertson parkway
424,January,2014,6,central wastewater treatment plant
425,January,2014,6,archive
426,January,2014,6,parking spaces
427,January,2014,6,Active inmates
428,January,2014,6,BL2014-653
429,January,2014,6,w2
430,January,2014,6,Crime
431,January,2014,6,traffic signal study
432,January,2014,6,storm water
433,January,2014,6,Codes administration
434,January,2014,6,ing
435,January,2014,6,robert kelley
436,January,2014,6,restaurant inspection reports
437,January,2014,6,employee discount programs
438,January,2014,6,taxes
439,January,2014,6,daily arrest
440,January,2014,6,parking ordinance
441,January,2014,6,madison precinct
442,January,2014,6,traffic and parking commission meetings
443,January,2014,6,animal
444,January,2014,6,fiber optic design standards
445,January,2014,6,most wanted
446,January,2014,6,Encroachments in roadway
447,January,2014,6,tracy buck
448,January,2014,6,archives newspapers Nashville tn
449,January,2014,6,stormwater fee
450,January,2014,6,pay property taxes
451,January,2014,6,use and occupancy permit
452,January,2014,6,TB Program Director
453,January,2014,6,english only
454,January,2014,6,solicitation
455,January,2014,6,metro charter
456,January,2014,6,r-20 zoning
457,January,2014,6,bond form
458,January,2014,6,EASEMENT FOR PIN HOOK RD
459,January,2014,6,cocaine
460,January,2014,6,Adult education
461,January,2014,5,copy of police report
462,January,2014,5,green infrastructure
463,January,2014,5,spay/neuter assistance program
464,January,2014,5,standby note fee
465,January,2014,5,sidewalks
466,January,2014,5,fec
467,January,2014,5,office hours
468,January,2014,5,newsletter
469,January,2014,5,ordinance no. bl2009-586
470,January,2014,5,file accident report
471,January,2014,5,demolition permit
472,January,2014,5,dump
473,January,2014,5,tillman
474,January,2014,5,amazon.com
475,January,2014,5,Occupancy tax
476,January,2014,5,robert william kelly
477,January,2014,5,necat
478,January,2014,5,Auction
479,January,2014,5,Lisa Howe
480,January,2014,5,rezoning
481,January,2014,5,Pay Plan 2014
482,January,2014,5,flood buyout audit
483,January,2014,5,trash collection
484,January,2014,5,Tax Relief/Exemptions
485,January,2014,5,harrison bay
486,January,2014,5,FESSLERS LANE
487,January,2014,5,childcare listing
488,January,2014,5,juvenile detention
489,January,2014,5,benefit self service
490,January,2014,5,job lists
491,January,2014,5,phillips jackson redevelopment district
492,January,2014,5,east precinct
493,January,2014,5,fence setback requirements
494,January,2014,5,plumbing license
495,January,2014,5,ebid auction
496,January,2014,5,JAIL
497,January,2014,5,auto accident report
498,January,2014,5,income eligibility
499,January,2014,5,vpn
500,January,2014,5,electrical permits
501,February,2014,298,ebid
502,February,2014,185,property taxes
503,February,2014,140,maps
504,February,2014,140,property maps
505,February,2014,134,jobs
506,February,2014,124,property tax
507,February,2014,114,employment
508,February,2014,112,media releases
509,February,2014,106,criminal court clerk
510,February,2014,105,police
511,February,2014,75,codes
512,February,2014,67,zoning
513,February,2014,66,human resources
514,February,2014,64,water
515,February,2014,63,animal control
516,February,2014,62,property assessor
517,February,2014,59,media release
518,February,2014,57,trustee
519,February,2014,54,inmate search
520,February,2014,51,employee self service
521,February,2014,50,pay property taxes
522,February,2014,48,Ebid
523,February,2014,47,metro water
524,February,2014,47,arrest records
525,February,2014,46,warrants
526,February,2014,46,ess
527,February,2014,45,public works
528,February,2014,44,criminal court
529,February,2014,41,register of deeds
530,February,2014,40,accident report
531,February,2014,40,business license
532,February,2014,39,planning
533,February,2014,39,tax assessor
534,February,2014,39,Media releases
535,February,2014,38,permits
536,February,2014,38,child support
537,February,2014,38,civil service rules
538,February,2014,37,assessor
539,February,2014,36,traffic
540,February,2014,34,tag renewal
541,February,2014,34,google
542,February,2014,34,im
543,February,2014,34,mugshots
544,February,2014,34,police department
545,February,2014,33,property
546,February,2014,32,public health regulatory programs
547,February,2014,31,gis
548,February,2014,31,inside metro
549,February,2014,30,county clerk
550,February,2014,30,auction
551,February,2014,30,impound auction
552,February,2014,30,inmates
553,February,2014,30,Police
554,February,2014,29,prostitution
555,February,2014,29,public records
556,February,2014,28,codes administration
557,February,2014,28,parking
558,February,2014,28,divorce records
559,February,2014,28,accident reports
560,February,2014,28,internship
561,February,2014,27,Media release
562,February,2014,26,holidays
563,February,2014,26,Jobs
564,February,2014,26,internships
565,February,2014,26,criminal records
566,February,2014,26,purchasing
567,February,2014,26,civil service
568,February,2014,26,mapping
569,February,2014,25,careers
570,February,2014,25,election commission
571,February,2014,24,parthenon
572,February,2014,24,bids
573,February,2014,24,library
574,February,2014,24,sheriff
575,February,2014,24,bidding
576,February,2014,24,forms
577,February,2014,23,mdha
578,February,2014,23,metro action commission
579,February,2014,23,divorce
580,February,2014,23,marriage license
581,February,2014,23,parks
582,February,2014,22,noise
583,February,2014,22,recycling
584,February,2014,22,Animal control
585,February,2014,22,birth certificate
586,February,2014,22,Electrical Contractors
587,February,2014,21,traffic incident
588,February,2014,21,notary application
589,February,2014,21,trash
590,February,2014,21,building permits
591,February,2014,21,iprocurement
592,February,2014,21,arrest
593,February,2014,21,planning commission
594,February,2014,21,arrests
595,February,2014,21,Police Operations Assistant 1
596,February,2014,20,traffic school
597,February,2014,20,EBID
598,February,2014,20,pay property tax
599,February,2014,20,benefits
600,February,2014,20,finance
601,February,2014,20,recycle
602,February,2014,20,web pro
603,February,2014,20,sheriff's department
604,February,2014,20,budget
605,February,2014,19,vehicle registration
606,February,2014,19,animal shelter
607,February,2014,19,procurement
608,February,2014,19,map
609,February,2014,19,Criminal history
610,February,2014,19,plat maps
611,February,2014,19,marriage
612,February,2014,18,harpeth valley utility district
613,February,2014,18,kiva
614,February,2014,18,police dept
615,February,2014,18,wic
616,February,2014,18,codes department
617,February,2014,18,metro 3
618,February,2014,18,taxes
619,February,2014,18,metro action
620,February,2014,18,death certificate
621,February,2014,18,police reports
622,February,2014,17,chickens
623,February,2014,17,mccabe
624,February,2014,17,incomplete infrastructure
625,February,2014,17,demolition permits
626,February,2014,17,isupplier
627,February,2014,17,Fire Marshal Department
628,February,2014,17,Property taxes
629,February,2014,16,michael sullivan
630,February,2014,16,crime map
631,February,2014,16,Parthenon
632,February,2014,16,pay scale
633,February,2014,16,traffic accidents
634,February,2014,16,stormwater
635,February,2014,16,Employment
636,February,2014,16,metro water services
637,February,2014,16,retirement
638,February,2014,16,benefit board
639,February,2014,16,health department
640,February,2014,16,zoning map
641,February,2014,16,daily arrest
642,February,2014,16,jobs openings
643,February,2014,15,ice skating
644,February,2014,15,brush pickup
645,February,2014,15,circuit court
646,February,2014,15,Metropolitan sports authority rfp
647,February,2014,15,job
648,February,2014,15,sign regulations
649,February,2014,15,fingerprinting
650,February,2014,15,nashville court dockets
651,February,2014,15,gay
652,February,2014,15,Property assessor
653,February,2014,15,Criminal court clerk
654,February,2014,15,mug shots
655,February,2014,15,2008 hiring freeze
656,February,2014,15,Traffic
657,February,2014,15,Circuit Court Clerk
658,February,2014,15,central business improvement district
659,February,2014,15,criminal background
660,February,2014,14,Meth
661,February,2014,14,court
662,February,2014,14,building permit
663,February,2014,14,notary
664,February,2014,14,Trustee
665,February,2014,14,ESS
666,February,2014,14,temporary work zones
667,February,2014,14,election
668,February,2014,14,real property taxes
669,February,2014,14,Michael sullivan
670,February,2014,14,police vehicle accidents 2013
671,February,2014,14,traffic court
672,February,2014,14,board of health meeting
673,February,2014,14,willis
674,February,2014,14,property map
675,February,2014,14,Inmate search
676,February,2014,14,rfp
677,February,2014,14,its
678,February,2014,14,drivers license
679,February,2014,13,auctions
680,February,2014,13,online property maps
681,February,2014,13,fort nashborough
682,February,2014,13,WEB PRO
683,February,2014,13,GIS
684,February,2014,13,Surplus
685,February,2014,13,assessor of property
686,February,2014,13,Ice skating
687,February,2014,13,records correction
688,February,2014,13,MDHA
689,February,2014,13,Outstanding Warrants
690,February,2014,13,emissions
691,February,2014,13,easement
692,February,2014,13,bl2003-1386
693,February,2014,13,phone number
694,February,2014,13,job openings
695,February,2014,13,police report
696,February,2014,13,rabies
697,February,2014,13,us community credit union
698,February,2014,13,metro holidays
699,February,2014,13,curling
700,February,2014,13,property lien
701,February,2014,13,schools
702,February,2014,12,press credentials
703,February,2014,12,chicken
704,February,2014,12,tax
705,February,2014,12,marathon music works
706,February,2014,12,directory
707,February,2014,12,circuit clerk
708,February,2014,12,gulch
709,February,2014,12,Property Maps
710,February,2014,12,Criminal court
711,February,2014,12,theft
712,February,2014,12,sinkholes
713,February,2014,12,"""HOME BUSINESS"""
714,February,2014,12,Birth certificate
715,February,2014,12,Insulation
716,April,2014,10,mnps
717,February,2014,12,hr
718,February,2014,12,non conforming use hearings
719,February,2014,12,metro schools
720,February,2014,12,sulphur dell
721,February,2014,12,property assesor
722,February,2014,12,application
723,February,2014,12,sign permit
724,February,2014,12,email
725,February,2014,12,traffic and parking
726,February,2014,12,beer board
727,February,2014,12,recent booking
728,February,2014,12,septic
729,February,2014,11,weather
730,February,2014,11,Property tax
731,February,2014,11,authorizing resolution general obligation bonds
732,February,2014,11,traffic ticket
733,February,2014,11,property records
734,February,2014,11,traffic violations bureau
735,February,2014,11,bradley county sheriff's
736,February,2014,11,RFP
737,February,2014,11,zoning codes
738,February,2014,11,unemployment
739,February,2014,11,warehouses
740,February,2014,11,metro code
741,February,2014,11,fire department
742,February,2014,11,contact
743,February,2014,11,correctional officer
744,February,2014,11,centennial park
745,February,2014,11,lakewood water project
746,February,2014,11,property-taxes
747,February,2014,11,employment opportunities
748,February,2014,11,inmate information
749,February,2014,11,urban zoning overlay
750,February,2014,11,fort negley
751,February,2014,11,warrant search
752,February,2014,11,Property
753,February,2014,11,application status
754,February,2014,11,truancy
755,February,2014,11,population lentz public health serves
756,February,2014,11,VANDALISM
757,February,2014,11,shawn herman
758,February,2014,11,city ordinances
759,February,2014,11,community education
760,February,2014,11,tax schedule b
761,February,2014,11,building codes
762,February,2014,10,baseball agreement
763,February,2014,10,Part-time employment
764,February,2014,10,Sgt Tripp
765,February,2014,10,metro parks
766,February,2014,10,Codes
767,February,2014,10,traffic tickets
768,February,2014,10,ordinance bl2004-122
769,February,2014,10,zoning maps
770,February,2014,10,notary public
771,February,2014,10,cumberland park
772,February,2014,10,school
773,February,2014,10,"Permit June 24, 2013"
774,February,2014,10,STANDARD INSURANCE POLICY
775,February,2014,10,alarm registration
776,February,2014,10,sheriff department
777,February,2014,10,bid
778,February,2014,10,Coleman park
779,February,2014,10,employee service module
780,February,2014,10,sign permits
781,February,2014,10,business license application
782,February,2014,10,Warrants
783,February,2014,10,comprehensive annual financial report
784,February,2014,10,recent arrests
785,February,2014,10,dmv
786,February,2014,10,Zoning
787,February,2014,10,Michael Williams
788,February,2014,10,business tax license
789,February,2014,10,CAFR
790,February,2014,10,riverfront park
791,February,2014,10,2010 flood map
792,February,2014,10,traffic accident reports
793,February,2014,10,metro trustee
794,February,2014,10,storm water
795,February,2014,10,payroll
796,February,2014,10,construction bids
797,February,2014,10,animal
798,February,2014,10,fmla
799,February,2014,10,home fish species
800,February,2014,10,address
801,February,2014,10,Employee self service
802,February,2014,9,legal
803,February,2014,9,head start
804,February,2014,9,Property maps
805,February,2014,9,booking
806,February,2014,9,delayed accident report
807,February,2014,9,how to get press credentials
808,February,2014,9,missing persons
809,February,2014,9,fleet management
810,February,2014,9,criminal
811,February,2014,9,quitclaim deed
812,February,2014,9,mail exchange
813,February,2014,9,Animal shelter
814,February,2014,9,public record worker pay
815,February,2014,9,cafr
816,February,2014,9,grants
817,February,2014,9,calendar
818,February,2014,9,prostitution arrests
819,February,2014,9,Proposal No. 2002UD-001U-10
820,February,2014,9,technology consulting services
821,February,2014,9,building permit application
822,February,2014,9,signage
823,February,2014,9,grease traps
824,February,2014,9,Inside metro
825,February,2014,9,license
826,February,2014,9,flex time
827,February,2014,9,private property accident report
828,February,2014,9,chancery court
829,February,2014,9,traffic accident
830,February,2014,9,Fire Marshal
831,February,2014,9,e bid
832,February,2014,9,Centennial park
833,February,2014,9,dbe
834,February,2014,9,maps for water and sewer lines
835,February,2014,9,TAG RENEWAL ONLINE
836,February,2014,9,chicken permit
837,February,2014,9,pension
838,February,2014,9,percy warner park
839,February,2014,9,quit claim deed
840,February,2014,9,notary public application
841,February,2014,9,civil service commission
842,February,2014,9,e-bid
843,February,2014,9,Recycling
844,February,2014,9,robin
845,February,2014,9,daily permits
846,February,2014,9,golf
847,February,2014,9,Fire alarm
848,February,2014,9,surplus
849,February,2014,9,tax assessors office
850,February,2014,9,APPLICATION FOR CHANGE OF NAME
851,February,2014,8,record
852,February,2014,8,landlord registration
853,February,2014,8,lookup license
854,February,2014,8,holiday
855,February,2014,8,sidewalks
856,February,2014,8,percent for art
857,February,2014,8,planning department
858,February,2014,8,hiring freeze
859,February,2014,8,jose mendez
860,February,2014,8,Inside Metro
861,February,2014,8,Sidewalk encroachment
862,February,2014,8,permit application
863,February,2014,8,impound lot
864,February,2014,8,holiday schedule
865,February,2014,8,duane phillips
866,February,2014,8,"metro employees, general hospital"
867,February,2014,8,leash law
868,February,2014,8,Police department
869,February,2014,8,civil court
870,February,2014,8,setback
871,February,2014,8,fire marshall inspection
872,February,2014,8,urban services district
873,February,2014,8,livia smith
874,February,2014,8,sleeping
875,February,2014,8,joseph belew
876,February,2014,8,metro school
877,February,2014,8,approving the transfer of certain properties
878,February,2014,8,metro pay plan
879,February,2014,8,emissions testing
880,February,2014,8,crime lab
881,February,2014,8,sign in
882,February,2014,8,permit
883,February,2014,8,sidewalk repair
884,February,2014,8,U
885,February,2014,8,historic
886,February,2014,8,warrant
887,February,2014,8,nashville clerk
888,February,2014,8,career
889,February,2014,8,car auctions
890,February,2014,8,food stamps
891,February,2014,8,google.com
892,February,2014,8,zoning code
893,February,2014,8,mobile
894,February,2014,8,criminal record
895,February,2014,8,history
896,February,2014,8,personal history statement
897,February,2014,8,amp
898,February,2014,8,voter registration
899,February,2014,8,google fiber
900,February,2014,8,investment committee minutes
901,February,2014,8,metro council
902,February,2014,8,horseback riding
903,February,2014,8,gun
904,February,2014,8,death certificates
905,February,2014,8,name change
906,February,2014,8,improve security managment
907,February,2014,8,Water
908,February,2014,8,flood map
909,February,2014,8,synthetic
910,February,2014,8,driver accident report form
911,February,2014,8,salaries
912,February,2014,8,sheriff's office
913,February,2014,8,ess.nashville.gov
914,February,2014,8,court clerk
915,February,2014,8,jury duty
916,February,2014,8,tax exempt
917,February,2014,8,ebid nashville
918,February,2014,8,pawn
919,February,2014,8,dog license
920,February,2014,8,vital records
921,February,2014,8,rabies clinic
922,February,2014,8,fire
923,February,2014,8,quitclaim
924,February,2014,8,Metro water
925,February,2014,8,gis mapping
926,February,2014,8,vehicle age
927,February,2014,8,google maps
928,February,2014,8,No knock
929,February,2014,8,policy manual
930,February,2014,8,records
931,February,2014,8,flood
932,February,2014,7,Christopher key
933,February,2014,7,birth certificates
934,February,2014,7,nashvitality
935,February,2014,7,development tracker
936,February,2014,7,microsoft office
937,February,2014,7,Accident
938,February,2014,7,omni hotel
939,February,2014,7,tax schedule b 2014
940,February,2014,7,sportsplex
941,February,2014,7,mayor executive orders
942,February,2014,7,Auction
943,February,2014,7,case
944,February,2014,7,knoxville
945,February,2014,7,daily arrest list
946,February,2014,7,office support specialist
947,February,2014,7,electrical contractor requirements
948,February,2014,7,wedding
949,February,2014,7,job opportunities
950,February,2014,7,wanted
951,February,2014,7,robert ezell
952,February,2014,7,parks and recreation
953,February,2014,7,zoning designations
954,February,2014,7,order of protection
955,February,2014,7,election petition
956,February,2014,7,Careers
957,February,2014,7,traffic violations
958,February,2014,7,Police media release
959,February,2014,7,Accident reports
960,February,2014,7,public records request
961,February,2014,7,police surveillance cameras
962,February,2014,7,metro jobs
963,February,2014,7,insurance
964,February,2014,7,burn permits
965,February,2014,7,deed
966,February,2014,7,inclement weather policy for employees
967,February,2014,7,arts
968,February,2014,7,tax sale
969,February,2014,7,unitedway
970,February,2014,7,Anthony
971,February,2014,7,clerk
972,February,2014,7,electrical permit
973,February,2014,7,shelby park
974,February,2014,7,case 2014-21
975,February,2014,7,pay ticket
976,February,2014,7,bond
977,February,2014,7,pay taxes
978,February,2014,7,Accident report
979,February,2014,7,public record
980,February,2014,7,eap
981,February,2014,7,environmental court
982,February,2014,7,Convention Center Authority
983,February,2014,7,general sessions
984,February,2014,7,brush pick up
985,February,2014,7,sulpher dell
986,February,2014,7,sex offender office
987,February,2014,7,pay property taxes online
988,February,2014,7,community centers
989,February,2014,7,zoning appeals
990,February,2014,7,car auction
991,February,2014,7,business license information
992,February,2014,7,demographics
993,February,2014,7,report accident
994,February,2014,7,fire marshal
995,February,2014,7,pay stubs
996,February,2014,7,school lunch menu
997,February,2014,7,contractors permit bond
998,February,2014,7,media
999,February,2014,7,pay plan
1000,February,2014,7,criminal search
1001,February,2014,7,bellevue community
1002,March,2014,270,ebid
1003,March,2014,165,jobs
1004,March,2014,145,property maps
1005,March,2014,144,maps
1006,March,2014,128,employment
1007,March,2014,104,property taxes
1008,March,2014,102,police
1009,March,2014,101,permits
1010,March,2014,98,property tax
1011,March,2014,90,codes
1012,March,2014,89,animal control
1013,March,2014,87,criminal court clerk
1014,March,2014,80,property assessor
1015,March,2014,77,water
1016,March,2014,74,zoning
1017,March,2014,71,inmate search
1018,March,2014,67,human resources
1019,March,2014,65,media releases
1020,March,2014,59,public works
1021,March,2014,58,media release
1022,March,2014,53,rabies clinic
1023,March,2014,52,rabies
1024,March,2014,52,arrest records
1025,March,2014,49,trustee
1026,March,2014,48,accident report
1027,March,2014,45,warrants
1028,March,2014,45,ess
1029,March,2014,43,register of deeds
1030,March,2014,43,Ebid
1031,March,2014,43,criminal court
1032,March,2014,42,employee self service
1033,March,2014,42,metro water
1034,March,2014,42,bidding
1035,March,2014,39,property
1036,March,2014,39,forms
1037,March,2014,38,traffic
1038,March,2014,38,most wanted
1039,March,2014,37,rabies shots
1040,March,2014,37,building permits
1041,March,2014,36,centennial park
1042,March,2014,35,tax assessor
1043,March,2014,35,discrimination
1044,March,2014,34,county clerk
1045,March,2014,34,alarm registration
1046,March,2014,34,codes department
1047,March,2014,33,parking
1048,March,2014,32,Jobs
1049,March,2014,32,auction
1050,March,2014,32,Change in retirement age
1051,March,2014,32,marriage license
1052,March,2014,32,pay property taxes
1053,March,2014,31,business license
1054,March,2014,31,amp
1055,March,2014,31,civil service rules
1056,March,2014,30,gis
1057,March,2014,30,health department
1058,March,2014,30,inside metro
1059,March,2014,29,animal shelter
1060,March,2014,29,bids
1061,March,2014,29,schools
1062,March,2014,28,criminal records
1063,March,2014,28,iprocurement
1064,March,2014,28,property map
1065,March,2014,28,job openings
1066,March,2014,28,isupplier
1067,March,2014,28,fmla
1068,March,2014,27,parthenon
1069,March,2014,27,traffic school
1070,March,2014,27,Parthenon
1071,March,2014,27,Employment
1072,March,2014,27,Media releases
1073,March,2014,27,arrest
1074,March,2014,27,fire
1075,March,2014,26,crime map
1076,March,2014,26,swimming pool
1077,March,2014,26,notary
1078,March,2014,26,careers
1079,March,2014,26,map
1080,March,2014,26,Criminal court clerk
1081,March,2014,26,election commission
1082,March,2014,26,email
1083,March,2014,25,planning
1084,March,2014,25,rabies clinics
1085,March,2014,25,police report
1086,March,2014,25,zoning map
1087,March,2014,25,Police
1088,March,2014,25,basketball goal
1089,March,2014,25,birth certificate
1090,March,2014,25,police department
1091,March,2014,25,arrests
1092,March,2014,24,rabies vaccination
1093,March,2014,24,Property maps
1094,March,2014,24,benefits
1095,March,2014,23,board of health meeting minutes
1096,March,2014,23,assessor of property
1097,March,2014,23,pay scale
1098,March,2014,23,Written notification
1099,March,2014,23,traffic tickets
1100,March,2014,22,birth certificates
1101,March,2014,22,trash
1102,March,2014,22,EBID
1103,March,2014,22,wireless
1104,March,2014,22,mapping
1105,March,2014,22,mnps
1106,March,2014,21,recycling
1107,March,2014,21,im
1108,March,2014,21,impound auction
1109,March,2014,21,recycle
1110,March,2014,21,sheriff's department
1111,March,2014,21,water services
1112,March,2014,20,ordinances
1113,March,2014,20,job descriptions
1114,March,2014,20,internships
1115,March,2014,20,park buget
1116,March,2014,20,wic
1117,March,2014,20,civil service
1118,March,2014,19,circuit court
1119,March,2014,19,chickens
1120,March,2014,19,Rabies clinic
1121,March,2014,19,court
1122,March,2014,19,public records
1123,March,2014,19,public health affiliation agreement
1124,March,2014,19,stormwater
1125,March,2014,19,mccabe
1126,March,2014,19,purchasing
1127,March,2014,19,non subscription newspaper
1128,March,2014,19,internship
1129,March,2014,19,planning commission
1130,March,2014,19,records
1131,March,2014,18,payroll
1132,March,2014,18,sheriff
1133,March,2014,18,metro 3
1134,March,2014,18,accident reports
1135,March,2014,18,traffic accidents
1136,March,2014,18,food permit
1137,March,2014,18,police reports
1138,March,2014,17,online property maps
1139,March,2014,17,notary application
1140,March,2014,17,WEB PRO
1141,March,2014,17,building permit
1142,March,2014,17,unemployment
1143,March,2014,17,fire department
1144,March,2014,17,kiva
1145,March,2014,17,parks
1146,March,2014,17,Notary
1147,March,2014,17,public library
1148,March,2014,17,courts
1149,March,2014,17,arrest records by name
1150,March,2014,17,retirement
1151,March,2014,17,web pro
1152,March,2014,17,mugshots
1153,March,2014,16,Property tax
1154,March,2014,16,student jobs
1155,March,2014,16,property records
1156,March,2014,16,code of ethics
1157,March,2014,16,prostitution
1158,March,2014,16,Bells Bend park location
1159,March,2014,16,medical examiner
1160,March,2014,16,online forms
1161,March,2014,16,inmate information
1162,March,2014,16,selling goods on the street in nashville
1163,March,2014,16,Centennial park
1164,March,2014,16,marriage
1165,March,2014,16,vacation
1166,March,2014,15,traffic ticket
1167,March,2014,15,vehicle registration
1168,March,2014,15,community gardens
1169,March,2014,15,job opportunities
1170,March,2014,15,Media release
1171,March,2014,15,google
1172,March,2014,15,elections
1173,March,2014,15,died
1174,March,2014,15,library
1175,March,2014,15,divorce records
1176,March,2014,15,procurement
1177,March,2014,15,pay plan
1178,March,2014,15,public easement line
1179,March,2014,15,animal
1180,March,2014,15,parking regulations
1181,March,2014,14,Arrest
1182,March,2014,14,circuit court clerk
1183,March,2014,14,industry classification
1184,March,2014,14,sportsplex
1185,March,2014,14,asbestos
1186,March,2014,14,staff
1187,March,2014,14,Careers
1188,March,2014,14,Criminal court
1189,March,2014,14,Property assessor
1190,March,2014,14,urban zoning overlay
1191,March,2014,14,food stamps
1192,March,2014,13,county clerks office
1193,March,2014,13,inmate
1194,March,2014,13,traffic incident
1195,March,2014,13,food truck
1196,March,2014,13,budget hearings
1197,March,2014,13,ordinance
1198,March,2014,13,Codes
1199,March,2014,13,directory
1200,March,2014,13,codes administration
1201,March,2014,13,ESS
1202,March,2014,13,fingerprinting
1203,March,2014,13,sanitation
1204,March,2014,13,chronic disease
1205,March,2014,13,Office Support Representative
1206,March,2014,13,sales tax
1207,March,2014,13,contracts
1208,March,2014,13,sulphur dell
1209,March,2014,13,benefit board
1210,March,2014,13,Animal control
1211,March,2014,13,notary application form
1212,March,2014,13,Inmate search
1213,March,2014,13,changing the name
1214,March,2014,12,auctions
1215,March,2014,12,Jeremy Martin
1216,March,2014,12,dump
1217,March,2014,12,general services district map
1218,March,2014,12,Mervan Ibrahim
1219,March,2014,12,wedding
1220,March,2014,12,noise
1221,March,2014,12,bid
1222,March,2014,12,emissions
1223,March,2014,12,on regulations
1224,March,2014,12,phone number for ice skating
1225,March,2014,12,marriage records
1226,March,2014,12,Traffic
1227,March,2014,12,criminal record
1228,March,2014,12,staff directory
1229,March,2014,12,chicken permit
1230,March,2014,12,Lease Agreement
1231,March,2014,12,salaries
1232,March,2014,12,waste
1233,March,2014,12,child support
1234,March,2014,12,property assessment
1235,March,2014,12,state routes
1236,March,2014,12,drivers license
1237,March,2014,12,sp
1238,March,2014,12,Permits
1239,March,2014,12,Criminal Court Clerk
1240,March,2014,11,ice skating
1241,March,2014,11,brush pickup
1242,March,2014,11,brush pick up
1243,March,2014,11,Private fence
1244,March,2014,11,metro action commission
1245,March,2014,11,Piedmont natural gas
1246,March,2014,11,building setbacks
1247,March,2014,11,restaurant
1248,March,2014,11,employment opportunities
1249,March,2014,11,Metro Clerk
1250,March,2014,11,property tax records
1251,March,2014,11,permit
1252,March,2014,11,Birth certificate
1253,March,2014,11,Cane ridge park
1254,March,2014,11,notary renewal application
1255,March,2014,11,metro schools
1256,March,2014,11,garage height
1257,March,2014,11,outstanding warrants in usa
1258,March,2014,11,AMP
1259,March,2014,11,organizational chart
1260,March,2014,11,assessor
1261,March,2014,11,metro council
1262,March,2014,11,name change
1263,March,2014,11,Crimnal court
1264,March,2014,11,don reid
1265,March,2014,11,zoning code
1266,March,2014,11,ess.nashville.gov
1267,March,2014,11,burn permit
1268,March,2014,11,code
1269,March,2014,11,vital records
1270,March,2014,11,valet permit
1271,March,2014,11,golf
1272,March,2014,11,active inmates
1273,March,2014,10,Arrests
1274,March,2014,10,FOX
1275,March,2014,10,scott potter
1276,March,2014,10,file a police report
1277,March,2014,10,accrual rates
1278,March,2014,10,food service permits
1279,March,2014,10,demolition permit
1280,March,2014,10,electric company
1281,March,2014,10,head start
1282,March,2014,10,police academy
1283,March,2014,10,election
1284,March,2014,10,property search
1285,March,2014,10,certificate of occupancy
1286,March,2014,10,Assessor
1287,March,2014,10,job readiness training
1288,March,2014,10,camping
1289,March,2014,10,sign in
1290,March,2014,10,finance
1291,March,2014,10,electrical permit
1292,March,2014,10,emissions testing
1293,March,2014,10,phillips-jackson
1294,March,2014,10,car registration
1295,March,2014,10,crime lab
1296,March,2014,10,name change petition
1297,March,2014,10,application
1298,March,2014,10,amphitheater
1299,March,2014,10,warrant search
1300,March,2014,10,khat
1301,March,2014,10,stop delivery of non subscription
1302,March,2014,10,property owners
1303,March,2014,10,mta
1304,March,2014,10,mechanical permit fee schedule
1305,March,2014,10,e-bid
1306,March,2014,10,budget
1307,March,2014,10,driver license
1308,March,2014,10,its
1309,March,2014,10,swimming pool code
1310,March,2014,10,jim kramer
1311,March,2014,10,centennial sportsplex
1312,March,2014,10,codes admin
1313,March,2014,10,PROPERTY TAX
1314,March,2014,9,fire permit fees
1315,March,2014,9,holidays
1316,March,2014,9,planning department
1317,March,2014,9,missing person
1318,March,2014,9,detached structure
1319,March,2014,9,Ice skating
1320,March,2014,9,Property
1321,March,2014,9,booking
1322,March,2014,9,gang violence
1323,March,2014,9,variance
1324,March,2014,9,codes dept
1325,March,2014,9,cumberland park
1326,March,2014,9,public health instruction and training
1327,March,2014,9,metro action head start
1328,March,2014,9,Rabies
1329,March,2014,9,morgan park
1330,March,2014,9,restaurant scores
1331,March,2014,9,Resignations
1332,March,2014,9,tax liens
1333,March,2014,9,dog trespassing
1334,March,2014,9,Arrest records
1335,March,2014,9,oem
1336,March,2014,9,divorce
1337,March,2014,9,parks and recreation
1338,March,2014,9,burn permits
1339,March,2014,9,landfill
1340,March,2014,9,form based code
1341,March,2014,9,shoplifting
1342,March,2014,9,police dept
1343,March,2014,9,nashville public library
1344,March,2014,9,metro pay plan
1345,March,2014,9,metro police
1346,March,2014,9,Glen Adkins
1347,March,2014,9,metro office building
1348,March,2014,9,about me
1349,March,2014,9,pension age
1350,March,2014,9,michael edward smith
1351,March,2014,9,TRAFFIC ACCIDENT REPORTS
1352,March,2014,9,tax records
1353,March,2014,9,salary
1354,March,2014,9,metro maps
1355,March,2014,9,administrative services
1356,March,2014,9,background check
1357,March,2014,9,zoning ordinance
1358,March,2014,9,department of safety
1359,March,2014,9,sign permit
1360,March,2014,9,MOU
1361,March,2014,9,Prostitution
1362,March,2014,9,taxes
1363,March,2014,9,jury duty
1364,March,2014,9,dog license
1365,March,2014,9,traffic accident report
1366,March,2014,9,check stubs
1367,March,2014,9,rfp
1368,March,2014,9,offender release program
1369,March,2014,9,stop work order
1370,March,2014,9,hours
1371,March,2014,9,gis mapping
1372,March,2014,9,homeless
1373,March,2014,9,organizational
1374,March,2014,9,zoo
1375,March,2014,9,coleman
1376,March,2014,9,property deeds
1377,March,2014,8,free advertising materials
1378,March,2014,8,deberry inmate visitation form
1379,March,2014,8,sign permit records
1380,March,2014,8,development tracker
1381,March,2014,8,fort nashborough
1382,March,2014,8,property accessor
1383,March,2014,8,Building codes
1384,March,2014,8,community service
1385,March,2014,8,new charges
1386,March,2014,8,file accident report
1387,March,2014,8,cdl
1388,March,2014,8,hartman park
1389,March,2014,8,email access from home
1390,March,2014,8,benefit board meeting
1391,March,2014,8,Surplus
1392,March,2014,8,detached structure height
1393,March,2014,8,wanted
1394,March,2014,8,circuit clerk
1395,March,2014,8,crime statistics
1396,March,2014,8,public hearing
1397,March,2014,8,license plates
1398,March,2014,8,Road conditions
1399,March,2014,8,outside employment
1400,March,2014,8,flood 2010
1401,March,2014,8,amp approval
1402,March,2014,8,compost
1403,March,2014,8,Accident reports
1404,March,2014,8,Murder case in nashville
1405,March,2014,8,Sex offender registry
1406,March,2014,8,sewer
1407,March,2014,8,construction permits
1408,March,2014,8,property setback requirements
1409,March,2014,8,mac
1410,March,2014,8,road closures
1411,March,2014,8,metro animal care and control
1412,March,2014,8,shelby bottoms
1413,March,2014,8,fort negley
1414,March,2014,8,recent arrests
1415,March,2014,8,Accident report
1416,March,2014,8,dmv
1417,March,2014,8,eap
1418,March,2014,8,general sessions
1419,March,2014,8,blasting permit
1420,March,2014,8,parking requirements
1421,March,2014,8,metro water services
1422,March,2014,8,Board of Health minutes
1423,March,2014,8,change address
1424,March,2014,8,fence
1425,March,2014,8,DRUG SUSPECTS
1426,March,2014,8,william mackall
1427,March,2014,8,2010 flood
1428,March,2014,8,metro animal control
1429,March,2014,8,Public nuisance
1430,March,2014,8,sidewalk
1431,March,2014,8,lenox village
1432,March,2014,8,finger printing
1433,March,2014,8,bulk item removal
1434,March,2014,8,2014-15
1435,March,2014,8,Tow company
1436,March,2014,8,flood map
1437,March,2014,8,bike
1438,March,2014,8,drainage projects madison
1439,March,2014,8,Global Village 2014
1440,March,2014,8,fleet operations
1441,March,2014,8,Myatt Drive
1442,March,2014,8,Recycling
1443,March,2014,8,metro email
1444,March,2014,8,permit fees
1445,March,2014,8,Parks
1446,March,2014,8,daily permits
1447,March,2014,8,study and formulating committee
1448,March,2014,8,scott
1449,March,2014,8,metal detecting
1450,March,2014,8,paradise ridge
1451,March,2014,8,Wastewater odor control
1452,March,2014,8,jobs openings
1453,March,2014,8,trash pick up
1454,March,2014,8,hospital authority financial statements
1455,March,2014,8,construction debris
1456,March,2014,8,incident reports
1457,March,2014,8,METRO ORDINANCE 12.08.120 -
1458,March,2014,8,pet ordinances
1459,March,2014,8,traffic calming
1460,March,2014,7,Finance
1461,March,2014,7,brush
1462,March,2014,7,filming at shelby street bridge
1463,March,2014,7,probation
1464,March,2014,7,restrictive covenant
1465,March,2014,7,mobile vending
1466,March,2014,7,pay traffic ticket
1467,March,2014,7,low income housing
1468,March,2014,7,traffic incidents
1469,March,2014,7,Passport
1470,March,2014,7,IM
1471,March,2014,7,Auction
1472,March,2014,7,POLICE REPORTS
1473,March,2014,7,murfreesboro
1474,March,2014,7,training academy
1475,March,2014,7,domestic violence in a parking lot
1476,March,2014,7,nashville zoo
1477,March,2014,7,mayor ben west
1478,March,2014,7,Andrew Baskin
1479,March,2014,7,waste disposal
1480,March,2014,7,metro code
1481,March,2014,7,DEEDQC
1482,March,2014,7,file accident report online
1483,March,2014,7,died of injuries from a traffic
1484,March,2014,7,landfills
1485,March,2014,7,mechanical permit
1486,March,2014,7,volunteer
1487,March,2014,7,udo
1488,March,2014,7,traffic violations
1489,March,2014,7,employee resources
1490,March,2014,7,MVR
1491,March,2014,7,small business
1492,March,2014,7,wanted fugitives
1493,March,2014,7,new hires
1494,March,2014,7,lease
1495,March,2014,7,arrest warrents
1496,March,2014,7,rain barrels
1497,March,2014,7,jerry bottom
1498,March,2014,7,tax assesor
1499,March,2014,7,who is permitted in nashville
1500,March,2014,7,E-permits
1501,April,2014,241,ebid
1502,April,2014,160,jobs
1503,April,2014,152,maps
1504,April,2014,140,property maps
1505,April,2014,120,employment
1506,April,2014,105,media releases
1507,April,2014,102,police
1508,April,2014,99,criminal court clerk
1509,April,2014,99,permits
1510,April,2014,98,animal control
1511,April,2014,92,inmate search
1512,April,2014,85,human resources
1513,April,2014,74,property assessor
1514,April,2014,69,employee self service
1515,April,2014,66,property taxes
1516,April,2014,66,media release
1517,April,2014,65,codes
1518,April,2014,63,court hearings
1519,April,2014,61,ess
1520,April,2014,57,sat. dance
1521,April,2014,56,im
1522,April,2014,55,zoning
1523,April,2014,53,property tax
1524,April,2014,52,public works
1525,April,2014,50,register of deeds
1526,April,2014,50,early voting
1527,April,2014,48,Bennie Randall Smith
1528,April,2014,48,criminal court
1529,April,2014,47,election commission
1530,April,2014,45,gis
1531,April,2014,44,county clerk
1532,April,2014,43,election
1533,April,2014,43,booking
1534,April,2014,40,water
1535,April,2014,40,metro water
1536,April,2014,40,tax assessor
1537,April,2014,40,scholars academy
1538,April,2014,40,mapping
1539,April,2014,39,accident report
1540,April,2014,39,metro 3
1541,April,2014,37,forms
1542,April,2014,36,business license
1543,April,2014,36,accident reports
1544,April,2014,36,arrest records
1545,April,2014,35,budget hearings
1546,April,2014,35,inside metro
1547,April,2014,35,civil service rules
1548,April,2014,34,warrants
1549,April,2014,34,planning
1550,April,2014,34,building permits
1551,April,2014,34,property
1552,April,2014,33,parthenon
1553,April,2014,33,parks
1554,April,2014,33,sheriff
1555,April,2014,33,iprocurement
1556,April,2014,32,Jobs
1557,April,2014,32,building permit
1558,April,2014,32,police report
1559,April,2014,31,recycling
1560,April,2014,31,assessor
1561,April,2014,30,marriage license
1562,April,2014,30,courts
1563,April,2014,30,job openings
1564,April,2014,29,Criminal court
1565,April,2014,29,codes department
1566,April,2014,29,inmates
1567,April,2014,29,police department
1568,April,2014,28,civil service
1569,April,2014,28,dog
1570,April,2014,27,library
1571,April,2014,27,auction
1572,April,2014,27,web pro
1573,April,2014,27,Police
1574,April,2014,27,arrests
1575,April,2014,27,traffic
1576,April,2014,26,parking
1577,April,2014,26,sample ballot
1578,April,2014,26,goodlettsville police
1579,April,2014,26,employees payroll salaries
1580,April,2014,25,trash
1581,April,2014,25,Ebid
1582,April,2014,25,google
1583,April,2014,25,elections
1584,April,2014,25,careers
1585,April,2014,25,bidding
1586,April,2014,24,criminal records
1587,April,2014,24,centennial park
1588,April,2014,24,police dept
1589,April,2014,24,Media releases
1590,April,2014,24,trustee
1591,April,2014,23,holidays
1592,April,2014,23,fingerprinting
1593,April,2014,23,Intergovernmental AGreement
1594,April,2014,23,zoning map
1595,April,2014,23,planning commission
1596,April,2014,22,court
1597,April,2014,22,alarm registration
1598,April,2014,22,Scam
1599,April,2014,21,cumberland park
1600,April,2014,21,its
1601,April,2014,21,divorce records
1602,April,2014,21,Parthenon
1603,April,2014,21,no guns
1604,April,2014,20,circuit court
1605,April,2014,20,traffic incidents
1606,April,2014,20,directory
1607,April,2014,20,payroll
1608,April,2014,20,divorce
1609,April,2014,20,warrant
1610,April,2014,20,warrants for arrest
1611,April,2014,20,budget
1612,April,2014,20,building codes
1613,April,2014,19,athena
1614,April,2014,19,EBID
1615,April,2014,19,procurement
1616,April,2014,19,stormwater
1617,April,2014,19,map
1618,April,2014,19,permit
1619,April,2014,19,property map
1620,April,2014,19,salaries
1621,April,2014,19,email
1622,April,2014,19,isupplier
1623,April,2014,19,child support
1624,April,2014,19,birth certificate
1625,April,2014,19,living wage
1626,April,2014,18,Codes
1627,April,2014,18,public records
1628,April,2014,18,401(k)
1629,April,2014,18,Warrants
1630,April,2014,18,summer camps
1631,April,2014,18,finance
1632,April,2014,18,recycle
1633,April,2014,18,police media release
1634,April,2014,18,restrooms
1635,April,2014,18,health department
1636,April,2014,18,Inmate search
1637,April,2014,18,taxes
1638,April,2014,18,marriage
1639,April,2014,17,Media release
1640,April,2014,17,grants
1641,April,2014,17,building permit application
1642,April,2014,17,retirement
1643,April,2014,17,sentenced
1644,April,2014,17,Animal control
1645,April,2014,17,Centennial park
1646,April,2014,17,mta
1647,April,2014,17,zoning code
1648,April,2014,17,CIVIL SERVICE RULES
1649,April,2014,17,fire
1650,April,2014,17,rfp
1651,April,2014,17,mugshots
1652,April,2014,17,criminal court clerk case information
1653,April,2014,17,summer camp
1654,April,2014,16,prostitution
1655,April,2014,16,mdha
1656,April,2014,16,kiva
1657,April,2014,16,Police department
1658,April,2014,16,employment opportunities
1659,April,2014,16,Employment
1660,April,2014,16,order birth certificate
1661,April,2014,16,Criminal court clerk
1662,April,2014,16,impound auction
1663,April,2014,16,about me
1664,April,2014,16,permits for 10th ave s
1665,April,2014,16,warrant search
1666,April,2014,16,Traffic
1667,April,2014,16,background check
1668,April,2014,16,voting
1669,April,2014,16,civil service commission
1670,April,2014,16,Commercial vehicles
1671,April,2014,16,records
1672,April,2014,15,hr
1673,April,2014,15,traffic ticket
1674,April,2014,15,inmate
1675,April,2014,15,online property maps
1676,April,2014,15,fingerprint
1677,April,2014,15,bids
1678,April,2014,15,metro code
1679,April,2014,15,pay scale
1680,April,2014,15,fire department
1681,April,2014,15,traffic accidents
1682,April,2014,15,cafr
1683,April,2014,15,civil service minutes
1684,April,2014,15,HEADS UP
1685,April,2014,15,metro water services
1686,April,2014,15,channel 3
1687,April,2014,15,e permits
1688,April,2014,15,find how much tax is on property
1689,April,2014,15,quit claim deed
1690,April,2014,15,drivers license
1691,April,2014,14,fec
1692,April,2014,14,food service permits
1693,April,2014,14,planning department
1694,April,2014,14,circuit court clerk
1695,April,2014,14,codes administration
1696,April,2014,14,tom
1697,April,2014,14,driver's license
1698,April,2014,14,property records
1699,April,2014,14,public defender
1700,April,2014,14,rain barrel
1701,April,2014,14,brush pick up
1702,April,2014,14,phone number
1703,April,2014,14,benefit board meeting minutes
1704,April,2014,14,county court clerk
1705,April,2014,14,Forensic Medical
1706,April,2014,14,ess.nashville.gov
1707,April,2014,14,towing of abandoned car
1708,April,2014,14,felicia bender
1709,April,2014,13,weather
1710,April,2014,13,birth certificates
1711,April,2014,13,development tracker
1712,April,2014,13,dump
1713,April,2014,13,tag renewal
1714,April,2014,13,Davette Blalock
1715,April,2014,13,dog park
1716,April,2014,13,order birth certificate site:www.nashville.gov/mc/ordinances/term_1999_2003
1717,April,2014,13,goodlettsville
1718,April,2014,13,domestic violence
1719,April,2014,13,electrical permit
1720,April,2014,13,judges
1721,April,2014,13,ordinances
1722,April,2014,13,property assesor
1723,April,2014,13,personal history statement
1724,April,2014,13,Property
1725,April,2014,13,arrest
1726,April,2014,13,cane ridge park
1727,April,2014,13,internship
1728,April,2014,13,vote
1729,April,2014,13,district attorney
1730,April,2014,13,schools
1731,April,2014,12,brush
1732,April,2014,12,budget hearing
1733,April,2014,12,WEB PRO
1734,April,2014,12,job descriptions
1735,April,2014,12,Surplus
1736,April,2014,12,mark macy
1737,April,2014,12,crime
1738,April,2014,12,17.08.030
1739,April,2014,12,commit to change
1740,April,2014,12,wanted
1741,April,2014,12,property search
1742,April,2014,12,Police media release
1743,April,2014,12,metro holidays
1744,April,2014,12,docket cases
1745,April,2014,12,Public works
1746,April,2014,12,computer operator 2
1747,April,2014,12,education
1748,April,2014,12,notary renewal application
1749,April,2014,12,dmv
1750,April,2014,12,metro maps
1751,April,2014,12,metro codes
1752,April,2014,12,on street free parking
1753,April,2014,12,Codes administration
1754,April,2014,12,matthew
1755,April,2014,12,fire alarm requirements
1756,April,2014,12,golf lessons
1757,April,2014,12,permit fees
1758,April,2014,12,property assessment
1759,April,2014,12,stop violence against women
1760,April,2014,11,trash pickup
1761,April,2014,11,crime map
1762,April,2014,11,brush pickup
1763,April,2014,11,tax
1764,April,2014,11,vehicle registration
1765,April,2014,11,health
1766,April,2014,11,benefits
1767,April,2014,11,change of address
1768,April,2014,11,parks and recreation
1769,April,2014,11,state of metro
1770,April,2014,11,mug shots
1771,April,2014,11,sewer
1772,April,2014,11,fire marshall
1773,April,2014,11,property taxes online
1774,April,2014,11,time of metro waste on this date of hours open
1775,April,2014,11,council
1776,April,2014,11,state of metro address
1777,April,2014,11,Urban Zoning Overlay
1778,April,2014,11,recent arrests
1779,April,2014,11,career
1780,April,2014,11,travel authorization
1781,April,2014,11,purchasing
1782,April,2014,11,road closures
1783,April,2014,11,probate court
1784,April,2014,11,police media releases
1785,April,2014,11,benefit board
1786,April,2014,11,landlord registration violation
1787,April,2014,11,Maps
1788,April,2014,11,apartments
1789,April,2014,11,court dates
1790,April,2014,11,pay plan
1791,April,2014,11,Spanish classes
1792,April,2014,11,jury duty
1793,April,2014,11,shared driveways
1794,April,2014,11,most wanted
1795,April,2014,11,pay property taxes
1796,April,2014,11,fmla
1797,April,2014,11,building permit fees
1798,April,2014,11,trash pick up
1799,April,2014,10,deloitte
1800,April,2014,10,Firefighter position
1801,April,2014,10,ESS
1802,April,2014,10,Private road
1803,April,2014,10,job opportunities
1804,April,2014,10,early voting sites
1805,April,2014,10,Annual Report
1806,April,2014,10,noise
1807,April,2014,10,railroad crossings
1808,April,2014,10,sales tax
1809,April,2014,10,Anonymous
1810,April,2014,10,landlord registration
1811,April,2014,10,burn permits
1812,April,2014,10,calendar
1813,April,2014,10,historic
1814,April,2014,10,E permits
1815,April,2014,10,setbacks in RS5
1816,April,2014,10,community centers
1817,April,2014,10,Tonya Ross
1818,April,2014,10,wic
1819,April,2014,10,arrest records by name
1820,April,2014,10,application
1821,April,2014,10,google.com
1822,April,2014,10,traffic tickets
1823,April,2014,10,sevier park
1824,April,2014,10,percy warner
1825,April,2014,10,travel authorization form
1826,April,2014,10,Property taxes
1827,April,2014,10,golf
1828,April,2014,10,signs
1829,April,2014,10,gis mapping
1830,April,2014,10,oem
1831,April,2014,10,flood
1832,April,2014,10,property deeds
1833,April,2014,10,police reports
1834,April,2014,9,metro employee salaries
1835,April,2014,9,booking log
1836,April,2014,9,assessor of property
1837,April,2014,9,sidewalks
1838,April,2014,9,chickens
1839,April,2014,9,tree trimming
1840,April,2014,9,GIS
1841,April,2014,9,drug bust
1842,April,2014,9,auto auction
1843,April,2014,9,FOOD VENDERS PERMITS
1844,April,2014,9,background checks
1845,April,2014,9,medical examiner
1846,April,2014,9,correctional officer
1847,April,2014,9,employee services
1848,April,2014,9,grease control
1849,April,2014,9,MDHA
1850,April,2014,9,brush collection
1851,April,2014,9,Goodlettsville agreement
1852,April,2014,9,nashville next
1853,April,2014,9,divorce decree
1854,April,2014,9,jail
1855,April,2014,9,transportation
1856,April,2014,9,application notary
1857,April,2014,9,daycare wilhoite
1858,April,2014,9,Election Commission
1859,April,2014,9,restraining order
1860,April,2014,9,rs10
1861,April,2014,9,Mugshots
1862,April,2014,9,David Smith
1863,April,2014,9,april 10 planning commission agenda
1864,April,2014,9,Beer board
1865,April,2014,9,mug shot
1866,April,2014,9,Cable
1867,April,2014,9,marriage licenses
1868,April,2014,9,Detective john vandenburg
1869,April,2014,9,foreclosure
1870,April,2014,9,amphitheater at riverfront
1871,April,2014,9,training for juvenile court probation officers
1872,April,2014,9,activated carbon
1873,April,2014,9,Spencer Beasley
1874,April,2014,9,general sessions court
1875,April,2014,9,shelby park
1876,April,2014,9,percy warner park
1877,April,2014,9,metro action
1878,April,2014,9,code
1879,April,2014,9,michael scott
1880,April,2014,9,parks mission statement
1881,April,2014,9,Arrest records
1882,April,2014,9,rfq
1883,April,2014,9,water services
1884,April,2014,9,deeds
1885,April,2014,9,Environmental court
1886,April,2014,9,state parks
1887,April,2014,9,yahoo
1888,April,2014,9,Robbery
1889,April,2014,8,resident occupancy limits
1890,April,2014,8,davidson county clerk
1891,April,2014,8,office of innovation
1892,April,2014,8,chancery court
1893,April,2014,8,holiday
1894,April,2014,8,demarcus moore
1895,April,2014,8,quick claim deed
1896,April,2014,8,industry classification
1897,April,2014,8,music city center
1898,April,2014,8,Marriage license
1899,April,2014,8,power of attorney
1900,April,2014,8,financial empowerment
1901,April,2014,8,community corrections
1902,April,2014,8,charles madry
1903,April,2014,8,summer programs
1904,April,2014,8,animal shelter
1905,April,2014,8,electrical amendments
1906,April,2014,8,notary
1907,April,2014,8,17.12.030A
1908,April,2014,8,log in
1909,April,2014,8,solar
1910,April,2014,8,Property maps
1911,April,2014,8,unemployment
1912,April,2014,8,omohundro
1913,April,2014,8,bereavement
1914,April,2014,8,budget book
1915,April,2014,8,single family
1916,April,2014,8,Steve Nunley
1917,April,2014,8,2014Z-007TX-002
1918,April,2014,8,circuit clerk
1919,April,2014,8,executive order
1920,April,2014,8,volunteer
1921,April,2014,8,Property Standards Code
1922,April,2014,8,application for summer programs
1923,April,2014,8,wedding
1924,April,2014,8,Animal shelter
1925,April,2014,8,Accident reports
1926,April,2014,8,Matthew Sanders
1927,April,2014,8,e bid
1928,April,2014,8,file police report
1929,April,2014,8,alarm permit
1930,April,2014,8,can fit 50 people
1931,April,2014,8,firefighter positions
1932,April,2014,8,traffic court
1933,April,2014,8,arrest record
1934,April,2014,8,Antonio crockett
1935,April,2014,8,emissions testing
1936,April,2014,8,andrew nash
1937,April,2014,8,Brush pickup
1938,April,2014,8,single family homes
1939,April,2014,8,daily booking list
1940,April,2014,8,rabies shots
1941,April,2014,8,low voltage permit
1942,April,2014,8,bordeaux
1943,April,2014,8,salary
1944,April,2014,8,Animal care
1945,April,2014,8,land dedication ordinance
1946,April,2014,8,media
1947,April,2014,8,metro animal control
1948,April,2014,8,movies in the park
1949,April,2014,8,sign permit
1950,April,2014,8,job classifications and salaries
1951,April,2014,8,for hire bicycles
1952,April,2014,8,sp zoning
1953,April,2014,8,court reports for davidson county
1954,April,2014,8,accessory buildings
1955,April,2014,8,pension
1956,April,2014,8,arrest warrants
1957,April,2014,8,Edgehill
1958,April,2014,8,daily arrest
1959,April,2014,8,traffic and parking
1960,April,2014,8,animal
1961,April,2014,8,landlord registration program
1962,April,2014,8,Recycling
1963,April,2014,8,obesity
1964,April,2014,8,driver license renewal
1965,April,2014,8,yoga
1966,April,2014,8,How will Google fiber be paid
1967,April,2014,8,community education
1968,April,2014,8,car accidents
1969,April,2014,8,training
1970,April,2014,8,site 25 karen johnson
1971,April,2014,8,billboard
1972,April,2014,8,animal control ordinances
1973,April,2014,8,employees salaries
1974,April,2014,8,travel
1975,April,2014,8,articles of incorporation
1976,April,2014,8,music
1977,April,2014,8,public works budget hearing
1978,April,2014,8,parking regulations
1979,April,2014,7,consent agenda
1980,April,2014,7,fact about hume fogg
1981,April,2014,7,Arrests
1982,April,2014,7,budget meeting
1983,April,2014,7,early voting locations
1984,April,2014,7,scott potter
1985,April,2014,7,food truck permit
1986,April,2014,7,nashville property owner
1987,April,2014,7,frost depth
1988,April,2014,7,change for chestnut
1989,April,2014,7,Do Parthenon
1990,April,2014,7,permit application
1991,April,2014,7,TEACHER HOME PROGRAM
1992,April,2014,7,new edition
1993,April,2014,7,mail copy accident report
1994,April,2014,7,RFP
1995,April,2014,7,metro action commission
1996,April,2014,7,sponsorship rules
1997,April,2014,7,seasonal
1998,April,2014,7,Cumberland park
1999,April,2014,7,phone
